Name,EMI,ELIGIBLE,Loan Amount Required?
Bidipto Bose,2939.183202047004,Y,250000
sgyuj,3506.6784853147274,Y,300000
bidiptobos,45558.50785056309,Y,3890099
Debdutta pal,1552.6643504091417,N,100000
